lfg_id,lfg_name,map,difficulty,expansion,wing,step,kind,boss,entry,x,y,z,source,note
4,Ragefire Chasm,389,0,0,-,1,boss,Oggleflint,11517,-147.5,38.7,-38.8,spawn,
4,Ragefire Chasm,389,0,0,-,2,boss,Taragaman the Hungerer,11520,-244.7,150.1,-18.7,spawn,
4,Ragefire Chasm,389,0,0,-,3,boss,Jergosh the Invoker,11518,-376.8,209.2,-21.8,spawn,
4,Ragefire Chasm,389,0,0,-,4,boss,Bazzalan,11519,-384.9,146,7.8,spawn,upper walkway
1,Wailing Caverns,43,0,0,-,1,boss,Lady Anacondra,3671,-67.8,122.6,-92.8,spawn,Screaming Gully
1,Wailing Caverns,43,0,0,-,2,optional,Kresh,3653,-64.4,319.1,-106.7,spawn,river turtle
1,Wailing Caverns,43,0,0,-,3,optional,Verdan the Everliving,5775,-81.9,32.3,-31,spawn,
1,Wailing Caverns,43,0,0,-,4,boss,Lord Serpentis,3673,-120.2,-24.6,-28.6,spawn,
1,Wailing Caverns,43,0,0,-,5,boss,Lord Pythas,3670,36.8,-241.1,-79.5,spawn,
1,Wailing Caverns,43,0,0,-,6,optional,Skum,3674,-285.6,-313,-69.2,spawn,
1,Wailing Caverns,43,0,0,-,7,boss,Lord Cobrahn,3669,-151.1,414.4,-72.6,spawn,
1,Wailing Caverns,43,0,0,-,8,event,Disciple of Naralex,3678,-135,125.4,-78.1,spawn,escort from entrance after 4 Fanglords -> spawns Mutanus
1,Wailing Caverns,43,0,0,-,9,event,Mutanus the Devourer,3654,NULL,NULL,NULL,script,script-spawned by escort
6,Deadmines,36,0,0,-,1,boss,Rhahk'Zor,644,-192.9,-448.2,54.4,spawn,
6,Deadmines,36,0,0,-,2,boss,Sneed's Shredder,642,-289.5,-513,49.7,spawn,Sneed pops out after shredder dies (script)
6,Deadmines,36,0,0,-,3,boss,Gilnid,1763,-177.4,-574.5,19.3,spawn,
6,Deadmines,36,0,0,-,4,door,Iron door to Ironclad Cove,,,,,-,Defias Gunpowder on cannon / rogue lockpick
6,Deadmines,36,0,0,-,5,boss,Mr. Smite,646,-22.8,-797.3,20.4,spawn,stealthed elites first
6,Deadmines,36,0,0,-,6,boss,Captain Greenskin,647,-59.6,-820.1,41.6,spawn,on ship
6,Deadmines,36,0,0,-,7,boss,Edwin VanCleef,639,-87.4,-819.9,39.3,spawn,"cabin, adds"
6,Deadmines,36,0,0,-,8,optional,Cookie,645,-67.6,-853.7,17.1,spawn,after VanCleef
8,Shadowfang Keep,33,0,0,-,1,boss,Rethilgore,3914,-252.1,2123.1,81.2,spawn,
8,Shadowfang Keep,33,0,0,-,2,door,Courtyard door,,,,,-,opened by Deathstalker Adamant / Sorcerer Ashcrombe after Rethilgore
8,Shadowfang Keep,33,0,0,-,3,boss,Razorclaw the Butcher,3886,-202.6,2258,76.3,spawn,
8,Shadowfang Keep,33,0,0,-,4,boss,Baron Silverlaine,3887,-275.3,2297.4,76.2,spawn,
8,Shadowfang Keep,33,0,0,-,5,boss,Commander Springvale,4278,-222.6,2259.4,102.8,spawn,
8,Shadowfang Keep,33,0,0,-,6,boss,Odo the Blindwatcher,4279,-236.7,2146.1,100.1,spawn,
8,Shadowfang Keep,33,0,0,-,7,boss,Fenrus the Devourer,4274,-135.6,2168.7,128.8,spawn,
8,Shadowfang Keep,33,0,0,-,8,boss,Wolf Master Nandos,3927,-120.7,2162,155.8,spawn,kills opens Arugal's door
8,Shadowfang Keep,33,0,0,-,9,boss,Archmage Arugal,4275,-76.8,2152.4,155.8,spawn,
10,Blackfathom Deeps,48,0,0,-,1,boss,Ghamoo-ra,4887,-442.4,211.8,-52.6,spawn,
10,Blackfathom Deeps,48,0,0,-,2,optional,Lady Sarevess,4831,-299.9,413.8,-57.1,spawn,side cavern
10,Blackfathom Deeps,48,0,0,-,3,boss,Gelihast,6243,-412.7,40.9,-48.1,spawn,
10,Blackfathom Deeps,48,0,0,-,4,boss,Lorgus Jett,12902,-622.4,-86.9,-39.9,spawn,3 possible spawns
10,Blackfathom Deeps,48,0,0,-,5,optional,Baron Aquanis,12876,NULL,NULL,NULL,script,quest summon
10,Blackfathom Deeps,48,0,0,-,6,optional,Old Serra'kis,4830,-746.7,-169.4,-50.6,spawn,underwater
10,Blackfathom Deeps,48,0,0,-,7,boss,Twilight Lord Kelris,4832,-818.8,-155.6,-25.8,spawn,
10,Blackfathom Deeps,48,0,0,-,8,event,Altar candles,,,,,unknown,light 4 braziers -> waves -> spawns Aku'mai
10,Blackfathom Deeps,48,0,0,-,9,event,Aku'mai,4829,-848.4,-453.9,-33.9,spawn,script-spawned
12,Stormwind Stockade,34,0,0,-,1,boss,Targorr the Dread,1696,159.6,1.3,-25.6,spawn,variable cell
12,Stormwind Stockade,34,0,0,-,2,boss,Kam Deepfury,1666,142.6,-71.9,-34.9,spawn,variable cell
12,Stormwind Stockade,34,0,0,-,3,boss,Hamhock,1717,105.5,-105.8,-35.1,spawn,east/right wing
12,Stormwind Stockade,34,0,0,-,4,boss,Bazil Thredd,1716,89.6,-136.9,-33.9,spawn,"beyond Hamhock, east wing"
12,Stormwind Stockade,34,0,0,-,5,boss,Dextren Ward,1663,166.8,134.8,-33.9,spawn,end of west/left wing
12,Stormwind Stockade,34,0,0,-,6,optional,Bruegal Ironknuckle,1720,160.1,45.7,-34.8,spawn,rare
14,Gnomeregan,90,0,0,-,1,optional,Viscous Fallout,7079,-471.4,48.5,-208,spawn,Hall of Gears
14,Gnomeregan,90,0,0,-,2,event,Blastmaster Emi Shortfuse,7998,-514.9,-138.5,-152.4,spawn,Grubbis event (script-spawned Grubbis)
14,Gnomeregan,90,0,0,-,3,event,Grubbis,7361,NULL,NULL,NULL,script,
14,Gnomeregan,90,0,0,-,4,boss,Electrocutioner 6000,6235,-552,502.9,-216.7,spawn,
14,Gnomeregan,90,0,0,-,5,boss,Crowd Pummeler 9-60,6229,-889.1,360.7,-272.5,spawn,
14,Gnomeregan,90,0,0,-,6,optional,Dark Iron Ambassador,6228,-718.1,565.2,-289.1,spawn,rare
14,Gnomeregan,90,0,0,-,7,boss,Mekgineer Thermaplugg,7800,-531.3,670.2,-325.2,spawn,buttons must be pressed during fight (scripted)
16,Razorfen Kraul,47,0,0,-,1,boss,Roogug,6168,2143,1581.6,80.4,spawn,
16,Razorfen Kraul,47,0,0,-,2,boss,Aggem Thorncurse,4424,2082.3,1463.5,73.2,spawn,
16,Razorfen Kraul,47,0,0,-,3,boss,Overlord Ramtusk,4420,2203.1,1640.1,85.9,spawn,
16,Razorfen Kraul,47,0,0,-,4,boss,Death Speaker Jargba,4428,2146.4,1411.2,74,spawn,
16,Razorfen Kraul,47,0,0,-,5,optional,Earthcaller Halmgar,4842,2118.6,1695.3,80.3,spawn,rare
16,Razorfen Kraul,47,0,0,-,6,boss,Agathelos the Raging,4422,1994.4,1976.4,63.3,spawn,
16,Razorfen Kraul,47,0,0,-,7,optional,Blind Hunter,4425,2200.8,1978.2,56.7,spawn,rare
16,Razorfen Kraul,47,0,0,-,8,boss,Charlga Razorflank,4421,2190.4,1864.3,79.1,spawn,
18,Scarlet Monastery - Graveyard,189,0,0,Graveyard,1,boss,Interrogator Vishas,3983,1786.6,1124.4,7.6,spawn,
18,Scarlet Monastery - Graveyard,189,0,0,Graveyard,2,optional,Ironspine,6489,1749.6,1247.4,18.2,spawn,"rare, Forlorn Cloister"
18,Scarlet Monastery - Graveyard,189,0,0,Graveyard,3,optional,Azshir the Sleepless,6490,1851,1392.8,20.5,spawn,rare
18,Scarlet Monastery - Graveyard,189,0,0,Graveyard,4,optional,Fallen Champion,6488,1756.2,1345.4,19.4,spawn,rare
18,Scarlet Monastery - Graveyard,189,0,0,Graveyard,5,boss,Bloodmage Thalnos,4543,1820.3,1416.7,-7.9,spawn,
165,Scarlet Monastery - Library,189,0,0,Library,1,boss,Houndmaster Loksey,3974,119.9,-260.9,18.6,spawn,
165,Scarlet Monastery - Library,189,0,0,Library,2,boss,Arcanist Doan,6487,148.3,-428.7,18.5,spawn,drops Scarlet Key
163,Scarlet Monastery - Armory,189,0,0,Armory,1,boss,Herod,3975,1965.1,-431.6,6.3,spawn,Scarlet Key door
164,Scarlet Monastery - Cathedral,189,0,0,Cathedral,1,optional,High Inquisitor Fairbanks,4542,1158.9,1354.3,30.4,spawn,hidden room
164,Scarlet Monastery - Cathedral,189,0,0,Cathedral,2,boss,Scarlet Commander Mograine,3976,1153.9,1398.4,32.6,spawn,clear whole cathedral first
164,Scarlet Monastery - Cathedral,189,0,0,Cathedral,3,event,High Inquisitor Whitemane,3977,1202.1,1399.1,29.1,spawn,enters + resurrects Mograine (scripted)
20,Razorfen Downs,129,0,0,-,1,event,Tuten'kash,,,,,unknown,gong summons (script)
20,Razorfen Downs,129,0,0,-,2,boss,Mordresh Fire Eye,7357,2466.6,671.4,63.5,spawn,Bone Pile
20,Razorfen Downs,129,0,0,-,3,boss,Glutton,8567,2468.7,1006.8,23.8,spawn,
20,Razorfen Downs,129,0,0,-,4,optional,Ragglesnout,7354,2364.8,904.5,28.8,spawn,"rare, 3 spots"
20,Razorfen Downs,129,0,0,-,5,boss,Amnennar the Coldbringer,7358,2403.4,960.9,55.1,spawn,
20,Razorfen Downs,129,0,0,-,6,optional,Plaguemaw the Rotting,7356,NULL,NULL,NULL,script,quest event
22,Uldaman,70,0,0,-,1,boss,Baelog,6906,-353,117.2,-44.4,spawn,"with Eric ""The Swift"" + Olaf"
22,Uldaman,70,0,0,-,2,boss,Revelosh,6910,-225.6,161.2,-44.5,spawn,
22,Uldaman,70,0,0,-,3,optional,Ironaya,7228,-235.7,309.6,-47.6,spawn,door needs Staff of Prehistoria
22,Uldaman,70,0,0,-,4,boss,Ancient Stone Keeper,7206,-38.4,221.3,-48.4,spawn,
22,Uldaman,70,0,0,-,5,boss,Galgann Firehammer,7291,-10.4,414.7,-46.9,spawn,
22,Uldaman,70,0,0,-,6,boss,Grimlok,4854,56.7,455.3,-41,spawn,
22,Uldaman,70,0,0,-,7,event,Archaedas,2748,104.3,272.3,-51.7,spawn,altar click starts encounter
24,Zul'Farrak,209,0,0,-,1,boss,Theka the Martyr,7272,1778,859.7,8.9,spawn,
24,Zul'Farrak,209,0,0,-,2,boss,Antu'sul,8127,1815.8,670.4,15,spawn,
24,Zul'Farrak,209,0,0,-,3,boss,Witch Doctor Zum'rah,7271,1912.2,1016.1,11.6,spawn,
24,Zul'Farrak,209,0,0,-,4,boss,Sandfury Executioner,7274,1886.8,1289.9,46,spawn,pyramid top
24,Zul'Farrak,209,0,0,-,5,event,Sergeant Bly,7604,1882.9,1299.3,48.4,spawn,"stairs event (Divino-matic Rod), spawns Nekrum + Sezz'ziz"
24,Zul'Farrak,209,0,0,-,6,event,Nekrum Gutchewer,7796,NULL,NULL,NULL,script,
24,Zul'Farrak,209,0,0,-,7,event,Shadowpriest Sezz'ziz,,,,,unknown,
24,Zul'Farrak,209,0,0,-,8,boss,Chief Ukorz Sandscalp,7267,1727.5,1017.3,54.9,spawn,with Ruuzlu
24,Zul'Farrak,209,0,0,-,9,optional,Hydromancer Velratha,7795,1698.2,1210.7,9.4,spawn,
24,Zul'Farrak,209,0,0,-,10,optional,Gahz'rilla,,,,,unknown,Mallet summon
26,Maraudon - Orange Crystals,349,0,0,Foulspore Cavern,1,boss,Noxxion,13282,1130.4,-191.3,-80,spawn,Orange Crystals
26,Maraudon - Orange Crystals,349,0,0,Foulspore Cavern,2,boss,Razorlash,12258,978.9,-10.2,-62.5,spawn,
272,Maraudon - Purple Crystals,349,0,0,Wicked Grotto,1,boss,Lord Vyletongue,12236,748.9,-219.6,-47.7,spawn,Purple Crystals
273,Maraudon - Pristine Waters,349,0,0,Earth Song Falls,1,optional,Celebras the Cursed,12225,726.1,78,-86.6,spawn,"optional/shared, not assigned to a specific 3.3.5 LFD wing (Poison Falls, between outer wings and inner)"
273,Maraudon - Pristine Waters,349,0,0,Earth Song Falls,2,boss,Tinkerer Gizlock,13601,134.9,-313.7,-173.6,spawn,Earth Song Falls in 3.3.5a (moved to Wicked Grotto only in 4.0.3a)
273,Maraudon - Pristine Waters,349,0,0,Earth Song Falls,3,boss,Landslide,12203,356.7,-185.5,-59.8,spawn,
273,Maraudon - Pristine Waters,349,0,0,Earth Song Falls,4,optional,Rotgrip,13596,42.1,-66,-199.6,spawn,lake
273,Maraudon - Pristine Waters,349,0,0,Earth Song Falls,5,boss,Princess Theradras,12201,27.9,83.2,-124.5,spawn,
28,Sunken Temple,109,0,0,-,1,boss,Loro,5714,-466.7,24.4,-66.8,spawn,"Atal'ai Defender 1/6 — all six required, kill order arbitrary; listed order follows a clockwise route"
28,Sunken Temple,109,0,0,-,2,boss,Gasher,5713,-528,59.5,-66.7,spawn,Atal'ai Defender 2/6
28,Sunken Temple,109,0,0,-,3,boss,Zolo,5712,-528.6,130.2,-66.8,spawn,Atal'ai Defender 3/6
28,Sunken Temple,109,0,0,-,4,boss,Mijan,5717,-406.2,131.1,-66.9,spawn,Atal'ai Defender 4/6
28,Sunken Temple,109,0,0,-,5,boss,Zul'Lor,5716,-467.4,166,-66.7,spawn,Atal'ai Defender 5/6
28,Sunken Temple,109,0,0,-,6,boss,Hukku,5715,-405.5,60.5,-67.1,spawn,Atal'ai Defender 6/6 -> Jammal'an shield drops
28,Sunken Temple,109,0,0,-,7,boss,Jammal'an the Prophet,5710,-425.9,-86.1,-88.2,spawn,with Ogom the Wretched
28,Sunken Temple,109,0,0,-,8,optional,Dreamscythe,5721,-453.5,137.2,-90.8,spawn,
28,Sunken Temple,109,0,0,-,9,optional,Weaver,5720,-458.8,127.7,-91.6,spawn,
28,Sunken Temple,109,0,0,-,10,optional,Morphaz,5719,-667.6,103.1,-90.8,spawn,
28,Sunken Temple,109,0,0,-,11,optional,Hazzas,5722,-667.4,80.8,-90.8,spawn,
28,Sunken Temple,109,0,0,-,12,boss,Shade of Eranikus,5709,-658.4,-35.8,-90.8,spawn,
28,Sunken Temple,109,0,0,-,13,optional,Atal'alarion,8580,-480.4,96.6,-189.7,spawn,"statue puzzle, basement"
28,Sunken Temple,109,0,0,-,14,optional,Avatar of Hakkar,8443,NULL,NULL,NULL,script,quest event
30,Blackrock Depths - Prison,230,0,0,Prison,1,boss,High Interrogator Gerstahn,9018,310.6,-146.3,-70.3,spawn,LFD completion boss for Prison
30,Blackrock Depths - Prison,230,0,0,Prison,2,boss,Lord Roccor,9025,615.5,-267.4,-83.6,spawn,
30,Blackrock Depths - Prison,230,0,0,Prison,3,boss,Houndmaster Grebmar,9319,607.7,-174.8,-84.5,spawn,
30,Blackrock Depths - Prison,230,0,0,Prison,4,event,Ring of Law,,,,,unknown,"arena, random boss (Anub'shiah/Eviscerator/Gorosh/Grizzle/Hedrum/Ok'thor)"
30,Blackrock Depths - Prison,230,0,0,Prison,5,optional,Fineous Darkvire,9056,963.3,-343.7,-71.7,spawn,Dark Iron Legacy / Shadowforge Key
30,Blackrock Depths - Prison,230,0,0,Prison,6,boss,Pyromancer Loregrain,9024,530.2,-243.9,-43,spawn,
30,Blackrock Depths - Prison,230,0,0,Prison,7,boss,Bael'Gar,9016,702.4,184.5,-72,spawn,
30,Blackrock Depths - Prison,230,0,0,Prison,8,boss,Lord Incendius,9017,893.5,-267.1,-71.9,spawn,
30,Blackrock Depths - Prison,230,0,0,Prison,9,optional,Warder Stilgiss,9041,823.4,-342.3,-50.1,spawn,with Verek
30,Blackrock Depths - Prison,230,0,0,Prison,10,optional,Watchman Doomgrip,9476,NULL,NULL,NULL,script,event: spawns when relic coffers are opened (12 keys)
276,Blackrock Depths - Upper City,230,0,0,Upper,1,boss,General Angerforge,9033,652.4,21.4,-60,spawn,
276,Blackrock Depths - Upper City,230,0,0,Upper,2,boss,Golem Lord Argelmach,8983,846.8,16.3,-53.6,spawn,
276,Blackrock Depths - Upper City,230,0,0,Upper,3,optional,Ribbly Screwspigot,9543,878.5,-167.7,-49.7,spawn,Grim Guzzler
276,Blackrock Depths - Upper City,230,0,0,Upper,4,optional,Phalanx,9502,869,-225,-43.7,spawn,Grim Guzzler
276,Blackrock Depths - Upper City,230,0,0,Upper,5,optional,Hurley Blackbreath,9537,878.1,-153.1,-49.8,spawn,Grim Guzzler
276,Blackrock Depths - Upper City,230,0,0,Upper,6,door,Grim Guzzler back door,,,,,-,Plugger bar fight / Rocknot event
276,Blackrock Depths - Upper City,230,0,0,Upper,7,boss,Ambassador Flamelash,9156,1009.8,-239,-61.3,spawn,
276,Blackrock Depths - Upper City,230,0,0,Upper,8,optional,Panzor the Invincible,8923,1135.5,-163,-74.9,spawn,rare
276,Blackrock Depths - Upper City,230,0,0,Upper,9,event,Doom'rel,9039,1281.1,-282.2,-78.1,spawn,Chest of the Seven (7 dwarves sequential)
276,Blackrock Depths - Upper City,230,0,0,Upper,10,boss,Magmus,9938,1380.7,-659.3,-92,spawn,Lyceum gauntlet before
276,Blackrock Depths - Upper City,230,0,0,Upper,11,boss,Emperor Dagran Thaurissan,9019,1380.2,-831.6,-87.6,spawn,LFD completion boss for Upper City; with Princess Moira Bronzebeard; High Priestess of Thaurissan spawns
32,Lower Blackrock Spire,229,0,0,-,1,boss,Highlord Omokk,9196,-22.8,-300.7,31.8,spawn,
32,Lower Blackrock Spire,229,0,0,-,2,boss,Shadow Hunter Vosh'gajin,9236,-121.2,-482.2,24.7,spawn,
32,Lower Blackrock Spire,229,0,0,-,3,boss,War Master Voone,9237,-17,-459.1,-18.6,spawn,
32,Lower Blackrock Spire,229,0,0,-,4,boss,Mother Smolderweb,10596,-135.5,-565.8,10.2,spawn,
32,Lower Blackrock Spire,229,0,0,-,5,optional,Halycon,10220,-193.9,-338.1,64.5,spawn,
32,Lower Blackrock Spire,229,0,0,-,6,boss,Quartermaster Zigris,9736,-190.5,-475.6,87.4,spawn,
32,Lower Blackrock Spire,229,0,0,-,7,optional,Gizrul the Slavener,10268,NULL,NULL,NULL,script,spawns after Halycon
32,Lower Blackrock Spire,229,0,0,-,8,boss,Overlord Wyrmthalak,9568,-22.6,-486.2,90.8,spawn,
2,Scholomance,289,0,0,-,1,optional,Kirtonos the Herald,10506,NULL,NULL,NULL,script,summon (Blood of Innocents)
2,Scholomance,289,0,0,-,2,boss,Jandice Barov,10503,268.2,73.6,95.9,spawn,
2,Scholomance,289,0,0,-,3,boss,Rattlegore,11622,137.1,171.7,96,spawn,drops Viewing Room Key
2,Scholomance,289,0,0,-,4,door,Viewing Room door,,,,,-,Rattlegore key
2,Scholomance,289,0,0,-,5,boss,Marduk Blackpool,10433,150.4,116.2,104.7,spawn,
2,Scholomance,289,0,0,-,6,boss,Vectus,10432,143.5,99.1,104.7,spawn,
2,Scholomance,289,0,0,-,7,boss,The Ravenian,10507,103.3,-1.7,75.2,spawn,
2,Scholomance,289,0,0,-,8,boss,Lord Alexei Barov,10504,178.7,-91,70.9,spawn,
2,Scholomance,289,0,0,-,9,boss,Instructor Malicia,10505,86.7,-2,85.3,spawn,
2,Scholomance,289,0,0,-,10,boss,Doctor Theolen Krastinov,11261,182.2,-95.4,85.3,spawn,
2,Scholomance,289,0,0,-,11,boss,Lorekeeper Polkelt,10901,274.9,1.3,85.3,spawn,
2,Scholomance,289,0,0,-,12,boss,Lady Illucia Barov,10502,266,0.9,75.3,spawn,
2,Scholomance,289,0,0,-,13,boss,Ras Frostwhisper,10508,-25.1,141.3,83.9,spawn,
2,Scholomance,289,0,0,-,14,event,Darkmaster Gandling,1853,180.8,-5.4,75.6,spawn,spawns after all six
40,Stratholme - Main Gate,329,0,0,Live,1,optional,Timmy the Cruel,10808,3614.7,-3187.6,131.4,spawn,script-spawned in Market Row
40,Stratholme - Main Gate,329,0,0,Live,2,optional,The Unforgiven,10516,3719.8,-3426.2,131.8,spawn,
40,Stratholme - Main Gate,329,0,0,Live,3,optional,Postmaster Malown,11143,NULL,NULL,NULL,script,summon via postboxes
40,Stratholme - Main Gate,329,0,0,Live,4,door,Scarlet Bastion gate,,,,,-,Scarlet Key / Crusaders' Square
40,Stratholme - Main Gate,329,0,0,Live,5,boss,Cannon Master Willey,10997,3573.6,-2937.3,125.1,spawn,
40,Stratholme - Main Gate,329,0,0,Live,6,optional,Crimson Hammersmith,11120,NULL,NULL,NULL,script,summon
40,Stratholme - Main Gate,329,0,0,Live,7,boss,Archivist Galford,10811,3456,-3103.4,136.5,spawn,
40,Stratholme - Main Gate,329,0,0,Live,8,boss,Grand Crusader Dathrohan,10812,3415.8,-3044.5,136.8,spawn,-> Balnazzar at 50%
274,Stratholme - Service Entrance,329,0,0,Undead,1,event,Magistrate Barthilas,10435,3663.2,-3619.1,138,spawn,flees on first contact
274,Stratholme - Service Entrance,329,0,0,Undead,2,optional,Stonespine,10809,4058.9,-3530.3,122.2,spawn,rare
274,Stratholme - Service Entrance,329,0,0,Undead,3,boss,Baroness Anastari,10436,3855.3,-3715.8,148.2,spawn,ziggurat 1
274,Stratholme - Service Entrance,329,0,0,Undead,4,boss,Nerub'enkan,10437,3855,-3528.8,144.3,spawn,ziggurat 2
274,Stratholme - Service Entrance,329,0,0,Undead,5,boss,Maleki the Pallid,10438,4035.8,-3647.8,135.7,spawn,ziggurat 3 -> Slaughter Square gate opens
274,Stratholme - Service Entrance,329,0,0,Undead,6,boss,Magistrate Barthilas,10435,3663.2,-3619.1,138,spawn,rematch
274,Stratholme - Service Entrance,329,0,0,Undead,7,event,Ramstein the Gorger,10439,NULL,NULL,NULL,script,after abominations
274,Stratholme - Service Entrance,329,0,0,Undead,8,boss,Baron Rivendare,10440,4035.8,-3336.3,115.1,spawn,45-min timer for quest only
34,Dire Maul - East,429,0,0,East,1,event,Pusillin,14354,86.2,-197.9,-4.1,spawn,"chase, Crescent Key"
34,Dire Maul - East,429,0,0,East,2,optional,Lethtendris,14327,-5.5,-441.1,16.4,spawn,with Pimgib
34,Dire Maul - East,429,0,0,East,3,optional,Hydrospawn,13280,4.6,-438.4,-60,spawn,
34,Dire Maul - East,429,0,0,East,4,optional,Zevrim Thornhoof,11490,-35,-448,-37.9,spawn,
34,Dire Maul - East,429,0,0,East,5,door,Alzzin door,,,,,-,Old Ironbark opens after Zevrim
34,Dire Maul - East,429,0,0,East,6,boss,Alzzin the Wildshaper,11492,274.8,-427.3,-120,spawn,
36,Dire Maul - West,429,0,0,West,1,door,Crescent Key door,,,,,-,
36,Dire Maul - West,429,0,0,West,2,optional,Tendris Warpwood,11489,14.4,475.8,-23.3,spawn,
36,Dire Maul - West,429,0,0,West,3,optional,Tsu'zee,11467,128.6,561.8,-4.3,spawn,rare
36,Dire Maul - West,429,0,0,West,4,optional,Magister Kalendris,11487,33.1,575.6,-4.3,spawn,
36,Dire Maul - West,429,0,0,West,5,optional,Illyanna Ravenoak,11488,-14.6,542.1,28.6,spawn,with Ferra
36,Dire Maul - West,429,0,0,West,6,optional,Immol'thar,11496,-38.1,812.4,-29.5,spawn,5 pylons
36,Dire Maul - West,429,0,0,West,7,boss,Prince Tortheldrin,11486,132.6,625.9,-48.4,spawn,
38,Dire Maul - North,429,0,0,North,1,door,Crescent Key door,,,,,-,
38,Dire Maul - North,429,0,0,North,2,optional,Guard Mol'dar,14326,410.7,-3.2,-24.6,spawn,
38,Dire Maul - North,429,0,0,North,3,optional,Stomper Kreeg,14322,491.2,97.4,-2.5,spawn,
38,Dire Maul - North,429,0,0,North,4,optional,Guard Fengus,14321,356.8,258.3,11.7,spawn,
38,Dire Maul - North,429,0,0,North,5,optional,Guard Slip'kik,14323,550.4,533.7,-25.3,spawn,
38,Dire Maul - North,429,0,0,North,6,optional,Captain Kromcrush,14325,627.6,481.7,29.5,spawn,
38,Dire Maul - North,429,0,0,North,7,optional,Cho'Rush the Observer,14324,834,489.5,37.4,spawn,
38,Dire Maul - North,429,0,0,North,8,boss,King Gordok,11501,828.1,480.8,37.3,spawn,
285,The Headless Horseman,189,0,0,-,1,event,Headless Horseman,,,,,unknown,Hallow's End only
287,Coren Direbrew,230,0,0,-,1,event,Coren Direbrew,23872,891.8,-129.2,-49.7,spawn,Brewfest only
286,The Frost Lord Ahune,547,0,1,-,1,event,Lord Ahune,,,,,unknown,Midsummer only
288,The Crown Chemical Co.,33,0,0,-,1,event,Apothecary Hummel,36296,-208.1,2217.4,79.8,spawn,Love is in the Air only
136,Hellfire Ramparts,543,0,1,-,1,boss,Watchkeeper Gargolmar,17306,-1187.2,1530.5,68.5,spawn,
136,Hellfire Ramparts,543,0,1,-,2,boss,Vazruden the Herald,17307,-1378.5,1698.2,104.1,spawn,Nazan lands after Vazruden dismounts (script)
136,Hellfire Ramparts,543,0,1,-,3,boss,Omor the Unscarred,17308,-1122.3,1718.4,89.4,spawn,
137,Blood Furnace,542,0,1,-,1,boss,The Maker,17381,327.2,137.8,9.6,spawn,
137,Blood Furnace,542,0,1,-,2,event,Broggok,17380,455.3,-1.8,9.6,spawn,cell waves lever
137,Blood Furnace,542,0,1,-,3,boss,Keli'dan the Breaker,17377,326.5,-86,-24.6,spawn,channelers first
138,Shattered Halls,540,0,1,-,1,boss,Grand Warlock Nethekurse,16807,172.7,289.6,-8.1,spawn,
138,Shattered Halls,540,0,1,-,2,event,Gauntlet of Flame,,,,,unknown,archers gauntlet
138,Shattered Halls,540,0,1,-,4,boss,Warbringer O'mrogg,16809,375.1,57.6,-7.2,spawn,
138,Shattered Halls,540,0,1,-,5,boss,Warchief Kargath Bladefist,16808,231.2,-83.6,5,spawn,
140,Slave Pens,547,0,1,-,1,boss,Mennu the Betrayer,17941,49.5,-380.2,3,spawn,
140,Slave Pens,547,0,1,-,2,boss,Rokmar the Crackler,17991,18.3,-448.4,3.1,spawn,
140,Slave Pens,547,0,1,-,3,boss,Quagmirran,17942,-281.1,-667.1,9.4,spawn,
146,Underbog,546,0,1,-,1,boss,Hungarfen,17770,-121.3,-388.6,36.9,spawn,
146,Underbog,546,0,1,-,2,boss,Ghaz'an,18105,193.7,-425,43.5,spawn,
146,Underbog,546,0,1,-,3,boss,Swamplord Musel'ek,17826,288.6,-121.8,29.7,spawn,with Claw
146,Underbog,546,0,1,-,4,boss,The Black Stalker,17882,143.4,9.1,27.6,spawn,
147,The Steamvault,545,0,1,-,1,boss,Hydromancer Thespia,17797,88.4,-316.1,-7.8,spawn,
147,The Steamvault,545,0,1,-,2,boss,Mekgineer Steamrigger,17796,-330.1,-121.5,-8,spawn,
147,The Steamvault,545,0,1,-,3,door,Control panels,,,,,-,2 panels behind first two bosses
147,The Steamvault,545,0,1,-,4,boss,Warlord Kalithresh,17798,-95.4,-552,8.3,spawn,
148,Mana-Tombs,557,0,1,-,1,boss,Pandemonius,18341,-68,-118.9,-1.2,spawn,
148,Mana-Tombs,557,0,1,-,2,boss,Tavarok,18343,-321.7,-222.2,-0.8,spawn,
148,Mana-Tombs,557,0,1,-,4,boss,Nexus-Prince Shaffar,18344,-184.4,9.3,16.8,spawn,
149,Auchenai Crypts,558,0,1,-,1,boss,Shirrak the Dead Watcher,18371,-50.9,-163.1,26.4,spawn,
149,Auchenai Crypts,558,0,1,-,2,boss,Exarch Maladaar,18373,68.1,-387.8,26.6,spawn,
150,Sethekk Halls,556,0,1,-,1,boss,Darkweaver Syth,18472,-144.8,173.6,1.8,spawn,
150,Sethekk Halls,556,0,1,-,3,boss,Talon King Ikiss,18473,44.7,287,25.2,spawn,
151,Shadow Labyrinth,555,0,1,-,1,event,Ambassador Hellmaw,18731,-156.7,5,8.2,spawn,freed after banishers
151,Shadow Labyrinth,555,0,1,-,2,boss,Blackheart the Inciter,18667,-328.2,-39.1,12.7,spawn,
151,Shadow Labyrinth,555,0,1,-,3,boss,Grandmaster Vorpil,18732,-253.5,-263.6,17.2,spawn,
151,Shadow Labyrinth,555,0,1,-,4,boss,Murmur,18708,-157.9,-497.3,15.9,spawn,
172,The Mechanar,554,0,1,-,1,boss,Gatewatcher Gyro-Kill,19218,85.5,20.2,15,spawn,
172,The Mechanar,554,0,1,-,2,optional,Nethermancer Sepethrea,19221,326.5,13.2,27.9,spawn,
172,The Mechanar,554,0,1,-,3,optional,Mechano-Lord Capacitus,19219,208.2,-13,-2.1,spawn,
172,The Mechanar,554,0,1,-,4,boss,Gatewatcher Iron-Hand,19710,181.9,-77.1,0,spawn,
172,The Mechanar,554,0,1,-,5,door,Elevator,,,,,-,after both gatewatchers
172,The Mechanar,554,0,1,-,6,boss,Pathaleon the Calculator,19220,139.5,149.3,25.7,spawn,
173,The Botanica,553,0,1,-,1,optional,Commander Sarannis,17976,151,296,-4.6,spawn,
173,The Botanica,553,0,1,-,2,boss,Warp Splinter,17977,63.8,391.9,-27.9,spawn,
173,The Botanica,553,0,1,-,3,optional,Laj,17980,-204.1,391.2,-11.2,spawn,
173,The Botanica,553,0,1,-,4,optional,Thorngrin the Tender,17978,4.9,596.6,-15.1,spawn,
173,The Botanica,553,0,1,-,5,optional,High Botanist Freywinn,17975,116.3,455.6,-4.9,spawn,
174,The Arcatraz,552,0,1,-,1,boss,Zereketh the Unbound,20870,273.6,-123,-10,spawn,
174,The Arcatraz,552,0,1,-,2,boss,Wrath-Scryer Soccothrates,20886,136.2,168.3,22.5,spawn,
174,The Arcatraz,552,0,1,-,3,boss,Dalliah the Doomsayer,20885,137.2,128.5,22.5,spawn,
174,The Arcatraz,552,0,1,-,4,event,Warden Mellichar,20904,445.8,-169,43.6,spawn,cell event -> Harbinger Skyriss
174,The Arcatraz,552,0,1,-,5,event,Harbinger Skyriss,20912,NULL,NULL,NULL,script,script-spawned
170,The Escape From Durnholde,560,0,1,-,1,skip,Escape from Durnholde,,,,,-,event dungeon: barrels -> Lieutenant Drake -> Captain Skarloc -> Thrall escort -> Epoch Hunter
171,The Black Morass,269,0,1,-,1,skip,The Black Morass,,,,,-,"event dungeon: 18 waves, Chrono Lord Deja(6) / Temporus(12) / Aeonus(18), protect Medivh"
198,Magisters' Terrace,585,0,1,-,1,boss,Selin Fireheart,24723,242.1,0.3,1.8,spawn,
198,Magisters' Terrace,585,0,1,-,2,boss,Vexallus,24744,231.4,-214.3,-6.3,spawn,
198,Magisters' Terrace,585,0,1,-,3,boss,Priestess Delrissa,24560,126.9,19.2,-19.9,spawn,council
198,Magisters' Terrace,585,0,1,-,4,boss,Kael'thas Sunstrider,24664,148.5,187,-16.6,spawn,
202,Utgarde Keep,574,0,2,-,1,boss,Prince Keleseth,23953,193.1,197.5,40.8,spawn,
202,Utgarde Keep,574,0,2,-,2,boss,Skarvald the Constructor,24200,109.5,-33.7,118.9,spawn,with Dalronn the Controller
202,Utgarde Keep,574,0,2,-,3,boss,Ingvar the Plunderer,23954,242.7,-333.6,180.6,spawn,
203,Utgarde Pinnacle,575,0,2,-,1,event,Svala Sorrowgrave,26668,NULL,NULL,NULL,script,ritual (script-spawned)
203,Utgarde Pinnacle,575,0,2,-,2,event,Gortok Palehoof,26687,320.8,-453.1,104.8,spawn,animal gauntlet
203,Utgarde Pinnacle,575,0,2,-,3,event,Skadi the Ruthless,26693,343,-507.3,104.6,spawn,gauntlet + harpoons
203,Utgarde Pinnacle,575,0,2,-,4,boss,King Ymiron,26861,392.8,-286.8,109.3,spawn,
225,The Nexus,576,0,2,-,2,boss,Grand Magus Telestra,26731,494.7,89.1,-16,spawn,
225,The Nexus,576,0,2,-,3,boss,Anomalus,26763,637.7,-289.1,-9.1,spawn,
225,The Nexus,576,0,2,-,4,boss,Ormorok the Tree-Shaper,26794,265,-225.4,-9,spawn,
225,The Nexus,576,0,2,-,5,boss,Keristrasza,26723,301.5,-5.5,-15.5,spawn,freed after previous three
206,The Oculus,578,0,2,-,1,boss,Drakos the Interrogator,27654,947.8,1045.8,360.1,spawn,
206,The Oculus,578,0,2,-,2,skip,The Oculus,,,,,-,vehicle dungeon after Drakos: Varos Cloudstrider -> Mage-Lord Urom -> Ley-Guardian Eregos on drakes
209,The Culling of Stratholme,595,0,2,-,1,skip,The Culling of Stratholme,,,,,-,"event dungeon: Arthas escort, Meathook -> Salramm -> Chrono-Lord Epoch -> (Infinite Corruptor H) -> Mal'Ganis"
208,Halls of Stone,599,0,2,-,1,boss,Krystallus,27977,1008.6,759.9,208.7,spawn,
208,Halls of Stone,599,0,2,-,2,boss,Maiden of Grief,27975,842.6,666,190.1,spawn,
208,Halls of Stone,599,0,2,-,3,event,Brann Bronzebeard,28070,1077.4,474.2,207.8,spawn,"Tribunal of Ages escort, opens Sjonnir door"
208,Halls of Stone,599,0,2,-,4,boss,Sjonnir The Ironshaper,27978,1295.2,667.2,189.7,spawn,
214,Drak'Tharon Keep,600,0,2,-,1,boss,Trollgore,26630,-266.2,-660.1,26.5,spawn,
214,Drak'Tharon Keep,600,0,2,-,2,event,Novos the Summoner,26631,-379.3,-737.7,27.3,spawn,waves
214,Drak'Tharon Keep,600,0,2,-,3,boss,King Dred,27483,-544.9,-697,30.3,spawn,
214,Drak'Tharon Keep,600,0,2,-,4,boss,The Prophet Tharon'ja,26632,-236.8,-675.4,131.9,spawn,
204,Azjol-Nerub,601,0,2,-,1,boss,Krik'thir the Gatewatcher,28684,529.6,646.2,777.4,spawn,watchers Gashra/Narjil/Silthik first
204,Azjol-Nerub,601,0,2,-,2,optional,Hadronox,28921,522.5,544.9,674.7,spawn,web climb
204,Azjol-Nerub,601,0,2,-,3,boss,Anub'arak,29120,551,248.3,224,spawn,
207,Halls of Lightning,602,0,2,-,1,boss,General Bjarngrim,28586,1262,-26.9,33.5,spawn,patrols
207,Halls of Lightning,602,0,2,-,2,boss,Volkhan,28587,1332.4,-102.1,56.8,spawn,
207,Halls of Lightning,602,0,2,-,3,boss,Ionar,28546,1082,-261.8,61.3,spawn,
207,Halls of Lightning,602,0,2,-,4,boss,Loken,28923,1186.5,33.8,60.8,spawn,
216,Gundrak,604,0,2,-,1,boss,Slad'ran,29304,1775.1,675,129.3,spawn,
216,Gundrak,604,0,2,-,2,boss,Moorabi,29305,1772.5,809.5,129.3,spawn,
216,Gundrak,604,0,2,-,3,boss,Drakkari Colossus,29307,1673,743.5,143.3,spawn,
216,Gundrak,604,0,2,-,4,door,Altar bridge,,,,,-,3 altars -> bridge to Gal'darah
216,Gundrak,604,0,2,-,5,boss,Gal'darah,29306,1914.8,743.7,136.6,spawn,
220,Violet Hold,608,0,2,-,1,skip,The Violet Hold,,,,,-,"event dungeon: 18 waves, 2 random of Erekem/Moragg/Ichoron/Xevozz/Lavanthor/Zuramat, Cyanigosa"
218,Ahn'kahet: The Old Kingdom,619,0,2,-,1,optional,Elder Nadox,29309,679.9,-905.5,25.7,spawn,
218,Ahn'kahet: The Old Kingdom,619,0,2,-,2,optional,Jedoga Shadowseeker,29310,372.3,-705.3,-0.6,spawn,
218,Ahn'kahet: The Old Kingdom,619,0,2,-,3,boss,Prince Taldaram,29308,528.7,-846,42,spawn,2 spheres open door
218,Ahn'kahet: The Old Kingdom,619,0,2,-,5,boss,Herald Volazj,29311,519.9,-441.8,26.4,spawn,
251,The Forge of Souls,632,0,2,-,1,boss,Bronjahm,36497,5297.3,2506.5,686.2,spawn,
251,The Forge of Souls,632,0,2,-,2,boss,Devourer of Souls,36502,5661.8,2507.4,708.9,spawn,
245,Trial of the Champion,650,0,2,-,1,skip,Trial of the Champion,,,,,-,event dungeon: jousting Grand Champions -> Eadric/Paletress -> The Black Knight
253,Pit of Saron,658,0,2,-,1,boss,Forgemaster Garfrost,36494,712.1,-215.7,527.1,spawn,
253,Pit of Saron,658,0,2,-,2,boss,Ick,36476,852.8,123.5,510,spawn,with Krick
253,Pit of Saron,658,0,2,-,3,event,Tunnel gauntlet,,,,,unknown,"cave-in, run through"
253,Pit of Saron,658,0,2,-,4,boss,Scourgelord Tyrannus,36794,522.3,226.4,548,spawn,with Rimefang
255,Halls of Reflection,668,0,2,-,1,skip,Halls of Reflection,,,,,-,"event dungeon: 10 waves, Falric(5) / Marwyn(10), Lich King escape"
178,Auchenai Crypts,558,1,1,-,1,boss,Shirrak the Dead Watcher,18371,-50.9,-163.1,26.4,spawn,
178,Auchenai Crypts,558,1,1,-,2,boss,Exarch Maladaar,18373,68.1,-387.8,26.6,spawn,
179,Mana-Tombs,557,1,1,-,1,boss,Pandemonius,18341,-68,-118.9,-1.2,spawn,
179,Mana-Tombs,557,1,1,-,2,boss,Tavarok,18343,-321.7,-222.2,-0.8,spawn,
179,Mana-Tombs,557,1,1,-,3,heroic_only,Yor,,,,,-,"summon, quest"
179,Mana-Tombs,557,1,1,-,4,boss,Nexus-Prince Shaffar,18344,-184.4,9.3,16.8,spawn,
180,Sethekk Halls,556,1,1,-,1,boss,Darkweaver Syth,18472,-144.8,173.6,1.8,spawn,
180,Sethekk Halls,556,1,1,-,2,heroic_only,Anzu,,,,,-,"summon, druid quest"
180,Sethekk Halls,556,1,1,-,3,boss,Talon King Ikiss,18473,44.7,287,25.2,spawn,
181,Shadow Labyrinth,555,1,1,-,1,event,Ambassador Hellmaw,18731,-156.7,5,8.2,spawn,freed after banishers
181,Shadow Labyrinth,555,1,1,-,2,boss,Blackheart the Inciter,18667,-328.2,-39.1,12.7,spawn,
181,Shadow Labyrinth,555,1,1,-,3,boss,Grandmaster Vorpil,18732,-253.5,-263.6,17.2,spawn,
181,Shadow Labyrinth,555,1,1,-,4,boss,Murmur,18708,-157.9,-497.3,15.9,spawn,
182,The Black Morass,269,1,1,-,1,skip,The Black Morass,,,,,-,"event dungeon: 18 waves, Chrono Lord Deja(6) / Temporus(12) / Aeonus(18), protect Medivh"
183,The Escape From Durnholde,560,1,1,-,1,skip,Escape from Durnholde,,,,,-,event dungeon: barrels -> Lieutenant Drake -> Captain Skarloc -> Thrall escort -> Epoch Hunter
184,Slave Pens,547,1,1,-,1,boss,Mennu the Betrayer,17941,49.5,-380.2,3,spawn,
184,Slave Pens,547,1,1,-,2,boss,Rokmar the Crackler,17991,18.3,-448.4,3.1,spawn,
184,Slave Pens,547,1,1,-,3,boss,Quagmirran,17942,-281.1,-667.1,9.4,spawn,
185,The Steamvault,545,1,1,-,1,boss,Hydromancer Thespia,17797,88.4,-316.1,-7.8,spawn,
185,The Steamvault,545,1,1,-,2,boss,Mekgineer Steamrigger,17796,-330.1,-121.5,-8,spawn,
185,The Steamvault,545,1,1,-,3,door,Control panels,,,,,-,2 panels behind first two bosses
185,The Steamvault,545,1,1,-,4,boss,Warlord Kalithresh,17798,-95.4,-552,8.3,spawn,
186,Underbog,546,1,1,-,1,boss,Hungarfen,17770,-121.3,-388.6,36.9,spawn,
186,Underbog,546,1,1,-,2,boss,Ghaz'an,18105,193.7,-425,43.5,spawn,
186,Underbog,546,1,1,-,3,boss,Swamplord Musel'ek,17826,288.6,-121.8,29.7,spawn,with Claw
186,Underbog,546,1,1,-,4,boss,The Black Stalker,17882,143.4,9.1,27.6,spawn,
187,Blood Furnace,542,1,1,-,1,boss,The Maker,17381,327.2,137.8,9.6,spawn,
187,Blood Furnace,542,1,1,-,2,event,Broggok,17380,455.3,-1.8,9.6,spawn,cell waves lever
187,Blood Furnace,542,1,1,-,3,boss,Keli'dan the Breaker,17377,326.5,-86,-24.6,spawn,channelers first
188,Hellfire Ramparts,543,1,1,-,1,boss,Watchkeeper Gargolmar,17306,-1187.2,1530.5,68.5,spawn,
188,Hellfire Ramparts,543,1,1,-,2,boss,Vazruden the Herald,17307,-1378.5,1698.2,104.1,spawn,Nazan lands after Vazruden dismounts (script)
188,Hellfire Ramparts,543,1,1,-,3,boss,Omor the Unscarred,17308,-1122.3,1718.4,89.4,spawn,
189,Shattered Halls,540,1,1,-,1,boss,Grand Warlock Nethekurse,16807,172.7,289.6,-8.1,spawn,
189,Shattered Halls,540,1,1,-,2,event,Gauntlet of Flame,,,,,unknown,archers gauntlet
189,Shattered Halls,540,1,1,-,3,heroic_only,Blood Guard Porung,,,,,-,
189,Shattered Halls,540,1,1,-,4,boss,Warbringer O'mrogg,16809,375.1,57.6,-7.2,spawn,
189,Shattered Halls,540,1,1,-,5,boss,Warchief Kargath Bladefist,16808,231.2,-83.6,5,spawn,
190,The Arcatraz,552,1,1,-,1,boss,Zereketh the Unbound,20870,273.6,-123,-10,spawn,
190,The Arcatraz,552,1,1,-,2,boss,Wrath-Scryer Soccothrates,20886,136.2,168.3,22.5,spawn,
190,The Arcatraz,552,1,1,-,3,boss,Dalliah the Doomsayer,20885,137.2,128.5,22.5,spawn,
190,The Arcatraz,552,1,1,-,4,event,Warden Mellichar,20904,445.8,-169,43.6,spawn,cell event -> Harbinger Skyriss
190,The Arcatraz,552,1,1,-,5,event,Harbinger Skyriss,20912,NULL,NULL,NULL,script,script-spawned
191,The Botanica,553,1,1,-,1,optional,Commander Sarannis,17976,151,296,-4.6,spawn,
191,The Botanica,553,1,1,-,2,boss,Warp Splinter,17977,63.8,391.9,-27.9,spawn,
191,The Botanica,553,1,1,-,3,optional,Laj,17980,-204.1,391.2,-11.2,spawn,
191,The Botanica,553,1,1,-,4,optional,Thorngrin the Tender,17978,4.9,596.6,-15.1,spawn,
191,The Botanica,553,1,1,-,5,optional,High Botanist Freywinn,17975,116.3,455.6,-4.9,spawn,
192,The Mechanar,554,1,1,-,1,boss,Gatewatcher Gyro-Kill,19218,85.5,20.2,15,spawn,
192,The Mechanar,554,1,1,-,2,optional,Nethermancer Sepethrea,19221,326.5,13.2,27.9,spawn,
192,The Mechanar,554,1,1,-,3,optional,Mechano-Lord Capacitus,19219,208.2,-13,-2.1,spawn,
192,The Mechanar,554,1,1,-,4,boss,Gatewatcher Iron-Hand,19710,181.9,-77.1,0,spawn,
192,The Mechanar,554,1,1,-,5,door,Elevator,,,,,-,after both gatewatchers
192,The Mechanar,554,1,1,-,6,boss,Pathaleon the Calculator,19220,139.5,149.3,25.7,spawn,
201,Magisters' Terrace,585,1,1,-,1,boss,Selin Fireheart,24723,242.1,0.3,1.8,spawn,
201,Magisters' Terrace,585,1,1,-,2,boss,Vexallus,24744,231.4,-214.3,-6.3,spawn,
201,Magisters' Terrace,585,1,1,-,3,boss,Priestess Delrissa,24560,126.9,19.2,-19.9,spawn,council
201,Magisters' Terrace,585,1,1,-,4,boss,Kael'thas Sunstrider,24664,148.5,187,-16.6,spawn,
205,Utgarde Pinnacle,575,1,2,-,1,event,Svala Sorrowgrave,26668,NULL,NULL,NULL,script,ritual (script-spawned)
205,Utgarde Pinnacle,575,1,2,-,2,event,Gortok Palehoof,26687,320.8,-453.1,104.8,spawn,animal gauntlet
205,Utgarde Pinnacle,575,1,2,-,3,event,Skadi the Ruthless,26693,343,-507.3,104.6,spawn,gauntlet + harpoons
205,Utgarde Pinnacle,575,1,2,-,4,boss,King Ymiron,26861,392.8,-286.8,109.3,spawn,
210,The Culling of Stratholme,595,1,2,-,1,skip,The Culling of Stratholme,,,,,-,"event dungeon: Arthas escort, Meathook -> Salramm -> Chrono-Lord Epoch -> (Infinite Corruptor H) -> Mal'Ganis"
211,The Oculus,578,1,2,-,1,boss,Drakos the Interrogator,27654,947.8,1045.8,360.1,spawn,
211,The Oculus,578,1,2,-,2,skip,The Oculus,,,,,-,vehicle dungeon after Drakos: Varos Cloudstrider -> Mage-Lord Urom -> Ley-Guardian Eregos on drakes
212,Halls of Lightning,602,1,2,-,1,boss,General Bjarngrim,28586,1262,-26.9,33.5,spawn,patrols
212,Halls of Lightning,602,1,2,-,2,boss,Volkhan,28587,1332.4,-102.1,56.8,spawn,
212,Halls of Lightning,602,1,2,-,3,boss,Ionar,28546,1082,-261.8,61.3,spawn,
212,Halls of Lightning,602,1,2,-,4,boss,Loken,28923,1186.5,33.8,60.8,spawn,
213,Halls of Stone,599,1,2,-,1,boss,Krystallus,27977,1008.6,759.9,208.7,spawn,
213,Halls of Stone,599,1,2,-,2,boss,Maiden of Grief,27975,842.6,666,190.1,spawn,
213,Halls of Stone,599,1,2,-,3,event,Brann Bronzebeard,28070,1077.4,474.2,207.8,spawn,"Tribunal of Ages escort, opens Sjonnir door"
213,Halls of Stone,599,1,2,-,4,boss,Sjonnir The Ironshaper,27978,1295.2,667.2,189.7,spawn,
215,Drak'Tharon Keep,600,1,2,-,1,boss,Trollgore,26630,-266.2,-660.1,26.5,spawn,
215,Drak'Tharon Keep,600,1,2,-,2,event,Novos the Summoner,26631,-379.3,-737.7,27.3,spawn,waves
215,Drak'Tharon Keep,600,1,2,-,3,boss,King Dred,27483,-544.9,-697,30.3,spawn,
215,Drak'Tharon Keep,600,1,2,-,4,boss,The Prophet Tharon'ja,26632,-236.8,-675.4,131.9,spawn,
217,Gundrak,604,1,2,-,1,boss,Slad'ran,29304,1775.1,675,129.3,spawn,
217,Gundrak,604,1,2,-,2,boss,Moorabi,29305,1772.5,809.5,129.3,spawn,
217,Gundrak,604,1,2,-,3,boss,Drakkari Colossus,29307,1673,743.5,143.3,spawn,
217,Gundrak,604,1,2,-,4,door,Altar bridge,,,,,-,3 altars -> bridge to Gal'darah
217,Gundrak,604,1,2,-,5,boss,Gal'darah,29306,1914.8,743.7,136.6,spawn,
217,Gundrak,604,1,2,-,6,heroic_only,Eck the Ferocious,,,,,-,
219,Ahn'kahet: The Old Kingdom,619,1,2,-,1,optional,Elder Nadox,29309,679.9,-905.5,25.7,spawn,
219,Ahn'kahet: The Old Kingdom,619,1,2,-,2,optional,Jedoga Shadowseeker,29310,372.3,-705.3,-0.6,spawn,
219,Ahn'kahet: The Old Kingdom,619,1,2,-,3,boss,Prince Taldaram,29308,528.7,-846,42,spawn,2 spheres open door
219,Ahn'kahet: The Old Kingdom,619,1,2,-,4,heroic_only,Amanitar,,,,,-,
219,Ahn'kahet: The Old Kingdom,619,1,2,-,5,boss,Herald Volazj,29311,519.9,-441.8,26.4,spawn,
221,Violet Hold,608,1,2,-,1,skip,The Violet Hold,,,,,-,"event dungeon: 18 waves, 2 random of Erekem/Moragg/Ichoron/Xevozz/Lavanthor/Zuramat, Cyanigosa"
226,The Nexus,576,1,2,-,1,heroic_only,Commander Kolurg,,,,,-,Horde sees Kolurg / Alliance sees Commander Stoutbeard
226,The Nexus,576,1,2,-,2,boss,Grand Magus Telestra,26731,494.7,89.1,-16,spawn,
226,The Nexus,576,1,2,-,3,boss,Anomalus,26763,637.7,-289.1,-9.1,spawn,
226,The Nexus,576,1,2,-,4,boss,Ormorok the Tree-Shaper,26794,265,-225.4,-9,spawn,
226,The Nexus,576,1,2,-,5,boss,Keristrasza,26723,301.5,-5.5,-15.5,spawn,freed after previous three
241,Azjol-Nerub,601,1,2,-,1,boss,Krik'thir the Gatewatcher,28684,529.6,646.2,777.4,spawn,watchers Gashra/Narjil/Silthik first
241,Azjol-Nerub,601,1,2,-,2,optional,Hadronox,28921,522.5,544.9,674.7,spawn,web climb
241,Azjol-Nerub,601,1,2,-,3,boss,Anub'arak,29120,551,248.3,224,spawn,
242,Utgarde Keep,574,1,2,-,1,boss,Prince Keleseth,23953,193.1,197.5,40.8,spawn,
242,Utgarde Keep,574,1,2,-,2,boss,Skarvald the Constructor,24200,109.5,-33.7,118.9,spawn,with Dalronn the Controller
242,Utgarde Keep,574,1,2,-,3,boss,Ingvar the Plunderer,23954,242.7,-333.6,180.6,spawn,
249,Trial of the Champion,650,1,2,-,1,skip,Trial of the Champion,,,,,-,event dungeon: jousting Grand Champions -> Eadric/Paletress -> The Black Knight
252,The Forge of Souls,632,1,2,-,1,boss,Bronjahm,36497,5297.3,2506.5,686.2,spawn,
252,The Forge of Souls,632,1,2,-,2,boss,Devourer of Souls,36502,5661.8,2507.4,708.9,spawn,
254,Pit of Saron,658,1,2,-,1,boss,Forgemaster Garfrost,36494,712.1,-215.7,527.1,spawn,
254,Pit of Saron,658,1,2,-,2,boss,Ick,36476,852.8,123.5,510,spawn,with Krick
254,Pit of Saron,658,1,2,-,3,event,Tunnel gauntlet,,,,,unknown,"cave-in, run through"
254,Pit of Saron,658,1,2,-,4,boss,Scourgelord Tyrannus,36794,522.3,226.4,548,spawn,with Rimefang
256,Halls of Reflection,668,1,2,-,1,skip,Halls of Reflection,,,,,-,"event dungeon: 10 waves, Falric(5) / Marwyn(10), Lich King escape"
