id	name	minL	maxL	map	diff	type	exp	group
1	Wailing Caverns	15	25	43	0	1	0	1
2	Scholomance	55	65	289	0	1	0	1
4	Ragefire Chasm	15	21	389	0	1	0	1
6	Deadmines	15	25	36	0	1	0	1
8	Shadowfang Keep	16	26	33	0	1	0	1
10	Blackfathom Deeps	19	29	48	0	1	0	1
12	Stormwind Stockade	20	30	34	0	1	0	1
14	Gnomeregan	23	33	90	0	1	0	1
16	Razorfen Kraul	22	32	47	0	1	0	1
18	Scarlet Monastery - Graveyard	27	37	189	0	1	0	1
20	Razorfen Downs	32	42	129	0	1	0	1
22	Uldaman	35	45	70	0	1	0	1
24	Zul'Farrak	41	51	209	0	1	0	1
26	Maraudon - Orange Crystals	41	51	349	0	1	0	1
28	Sunken Temple	45	55	109	0	1	0	1
30	Blackrock Depths - Prison	47	57	230	0	1	0	1
32	Lower Blackrock Spire	55	65	229	0	1	0	1
34	Dire Maul - East	53	63	429	0	1	0	1
36	Dire Maul - West	55	65	429	0	1	0	1
38	Dire Maul - North	55	65	429	0	1	0	1
40	Stratholme - Main Gate	55	65	329	0	1	0	1
136	Hellfire Ramparts	57	67	543	0	1	1	2
137	Blood Furnace	59	68	542	0	1	1	2
138	Shattered Halls	67	75	540	0	1	1	2
140	Slave Pens	60	69	547	0	1	1	2
146	Underbog	61	70	546	0	1	1	2
147	The Steamvault	67	75	545	0	1	1	2
148	Mana-Tombs	62	71	557	0	1	1	2
149	Auchenai Crypts	63	72	558	0	1	1	2
150	Sethekk Halls	65	73	556	0	1	1	2
151	Shadow Labyrinth	67	75	555	0	1	1	2
163	Scarlet Monastery - Armory	32	42	189	0	1	0	1
164	Scarlet Monastery - Cathedral	35	45	189	0	1	0	1
165	Scarlet Monastery - Library	30	40	189	0	1	0	1
170	The Escape From Durnholde	64	73	560	0	1	1	2
171	The Black Morass	68	75	269	0	1	1	2
172	The Mechanar	67	75	554	0	1	1	2
173	The Botanica	67	75	553	0	1	1	2
174	The Arcatraz	68	75	552	0	1	1	2
198	Magisters' Terrace	68	75	585	0	1	1	2
202	Utgarde Keep	68	80	574	0	1	2	4
203	Utgarde Pinnacle	77	80	575	0	1	2	4
204	Azjol-Nerub	70	80	601	0	1	2	4
206	The Oculus	77	80	578	0	1	2	4
207	Halls of Lightning	77	80	602	0	1	2	4
208	Halls of Stone	75	80	599	0	1	2	4
209	The Culling of Stratholme	77	80	595	0	1	2	4
214	Drak'Tharon Keep	72	80	600	0	1	2	4
216	Gundrak	74	80	604	0	1	2	4
218	Ahn'kahet: The Old Kingdom	71	80	619	0	1	2	4
220	Violet Hold	73	80	608	0	1	2	4
225	The Nexus	69	80	576	0	1	2	4
245	Trial of the Champion	80	80	650	0	1	2	4
251	The Forge of Souls	80	80	632	0	1	2	4
253	Pit of Saron	80	80	658	0	1	2	4
255	Halls of Reflection	80	80	668	0	1	2	4
272	Maraudon - Purple Crystals	39	49	349	0	1	0	1
273	Maraudon - Pristine Waters	43	53	349	0	1	0	1
274	Stratholme - Service Entrance	55	65	329	0	1	0	1
276	Blackrock Depths - Upper City	51	61	230	0	1	0	1
285	The Headless Horseman	78	82	189	0	1	0	11
286	The Frost Lord Ahune	78	82	547	0	1	1	11
287	Coren Direbrew	78	82	230	0	1	0	11
288	The Crown Chemical Co.	78	82	33	0	1	0	11
42	Zul'Gurub	56	83	309	0	2	0	6
44	Upper Blackrock Spire	56	83	229	0	2	0	6
46	Onyxia's Lair	80	83	249	0	2	2	8
48	Molten Core	60	83	409	0	2	0	6
50	Blackwing Lair	60	83	469	0	2	0	6
159	Naxxramas	80	83	533	0	2	2	8
160	Ahn'Qiraj Ruins	60	83	509	0	2	0	6
161	Ahn'Qiraj Temple	60	83	531	0	2	0	6
175	Karazhan	70	83	532	0	2	1	7
176	Magtheridon's Lair	70	83	544	0	2	1	7
177	Gruul's Lair	70	83	565	0	2	1	7
193	Tempest Keep	70	83	550	0	2	1	7
194	Serpentshrine Cavern	70	83	548	0	2	1	7
195	Hyjal Past	70	83	534	0	2	1	7
196	Black Temple	70	83	564	0	2	1	7
197	Zul'Aman	70	83	568	0	2	1	7
199	The Sunwell	70	83	580	0	2	1	7
223	The Eye of Eternity	80	83	616	0	2	2	8
224	The Obsidian Sanctum	80	83	615	0	2	2	8
227	Naxxramas	80	83	533	1	2	2	9
237	The Eye of Eternity	80	83	616	1	2	2	9
238	The Obsidian Sanctum	80	83	615	1	2	2	9
239	Vault of Archavon	80	83	624	0	2	2	8
240	Vault of Archavon	80	83	624	1	2	2	9
243	Ulduar	80	83	603	0	2	2	8
244	Ulduar	80	83	603	1	2	2	9
246	Trial of the Crusader	80	83	649	0	2	2	8
247	Trial of the Grand Crusader	80	83	649	2	2	2	8
248	Trial of the Crusader	80	83	649	1	2	2	9
250	Trial of the Grand Crusader	80	83	649	3	2	2	9
257	Onyxia's Lair	80	83	249	1	2	2	9
279	Icecrown Citadel	80	83	631	0	2	2	8
280	Icecrown Citadel	80	83	631	1	2	2	9
293	Ruby Sanctum	80	83	724	0	2	2	8
294	Ruby Sanctum	80	83	724	1	2	2	9
58	Elwynn Forest	1	14	4294967295	0	4	0	0
60	Westfall	8	24	4294967295	0	4	0	0
62	Duskwood	18	34	4294967295	0	4	0	0
64	Dun Morogh	1	14	4294967295	0	4	0	0
66	Loch Modan	8	24	4294967295	0	4	0	0
68	Wetlands	18	34	4294967295	0	4	0	0
70	Stranglethorn Vale	28	50	4294967295	0	4	0	0
72	Blasted Lands	43	60	4294967295	0	4	0	0
74	Swamp of Sorrows	33	50	4294967295	0	4	0	0
76	Redridge Mountains	13	30	4294967295	0	4	0	0
78	Burning Steppes	48	60	4294967295	0	4	0	0
80	Searing Gorge	43	60	4294967295	0	4	0	0
82	Badlands	33	50	4294967295	0	4	0	0
84	Arathi Highlands	28	44	4294967295	0	4	0	0
86	Hillsbrad Foothills	18	34	4294967295	0	4	0	0
88	Hinterlands	38	54	4294967295	0	4	0	0
90	Western Plaguelands	48	60	4294967295	0	4	0	0
92	Eastern Plaguelands	53	63	4294967295	0	4	0	0
94	Tirisfal Glades	1	14	4294967295	0	4	0	0
96	Silverpine Forest	8	24	4294967295	0	4	0	0
98	Alterac Mountains	28	44	4294967295	0	4	0	0
100	Durotar	1	14	4294967295	0	4	0	0
102	Mulgore	1	14	4294967295	0	4	0	0
104	The Barrens	8	30	4294967295	0	4	0	0
106	Stonetalon Mountains	13	32	4294967295	0	4	0	0
108	Thousand Needles	23	40	4294967295	0	4	0	0
110	Desolace	28	44	4294967295	0	4	0	0
112	Feralas	38	54	4294967295	0	4	0	0
114	Dustwallow Marsh	33	50	4294967295	0	4	0	0
116	Tanaris	38	54	4294967295	0	4	0	0
118	Un'Goro Crater	45	60	4294967295	0	4	0	0
120	Silithus	53	60	4294967295	0	4	0	0
122	Teldrassil	1	14	4294967295	0	4	0	0
124	Darkshore	8	24	4294967295	0	4	0	0
126	Ashenvale	18	34	4294967295	0	4	0	0
128	Felwood	46	60	4294967295	0	4	0	0
130	Azshara	43	60	4294967295	0	4	0	0
132	Winterspring	53	63	4294967295	0	4	0	0
152	Hellfire Peninsula	57	66	4294967295	0	4	1	0
153	Zangarmarsh	58	67	4294967295	0	4	1	0
154	Terokkar Forest	60	68	4294967295	0	4	1	0
155	Nagrand	62	70	4294967295	0	4	1	0
156	Shadowmoon Valley	65	73	4294967295	0	4	1	0
157	Blade's Edge Mountains	63	71	4294967295	0	4	1	0
158	Netherstorm	65	73	4294967295	0	4	1	0
166	Eversong Woods	1	14	4294967295	0	4	1	0
167	Azuremyst Isle	1	14	4294967295	0	4	1	0
168	Ghostlands	8	24	4294967295	0	4	1	0
169	Bloodmyst Isle	8	24	4294967295	0	4	1	0
200	Isle of Quel'Danas	69	72	530	0	4	1	0
228	Borean Tundra	68	72	571	0	4	2	0
229	Howling Fjord	68	72	571	0	4	2	0
230	Grizzly Hills	70	74	571	0	4	2	0
231	Dragonblight	71	75	571	0	4	2	0
232	Wintergrasp	77	80	571	0	4	2	0
233	Zul'Drak	73	77	571	0	4	2	0
234	Sholazar Basin	75	79	571	0	4	2	0
235	The Storm Peaks	77	80	571	0	4	2	0
236	Icecrown	77	80	571	0	4	2	0
178	Auchenai Crypts	70	75	558	1	5	1	3
179	Mana-Tombs	70	75	557	1	5	1	3
180	Sethekk Halls	70	75	556	1	5	1	3
181	Shadow Labyrinth	70	75	555	1	5	1	3
182	The Black Morass	70	75	269	1	5	1	3
183	The Escape From Durnholde	70	75	560	1	5	1	3
184	Slave Pens	70	75	547	1	5	1	3
185	The Steamvault	70	75	545	1	5	1	3
186	Underbog	70	75	546	1	5	1	3
187	Blood Furnace	70	75	542	1	5	1	3
188	Hellfire Ramparts	70	75	543	1	5	1	3
189	Shattered Halls	70	75	540	1	5	1	3
190	The Arcatraz	70	75	552	1	5	1	3
191	The Botanica	70	75	553	1	5	1	3
192	The Mechanar	70	75	554	1	5	1	3
201	Magisters' Terrace	70	75	585	1	5	1	3
205	Utgarde Pinnacle	80	83	575	1	5	2	5
210	The Culling of Stratholme	80	83	595	1	5	2	5
211	The Oculus	80	83	578	1	5	2	5
212	Halls of Lightning	80	83	602	1	5	2	5
213	Halls of Stone	80	83	599	1	5	2	5
215	Drak'Tharon Keep	80	83	600	1	5	2	5
217	Gundrak	80	83	604	1	5	2	5
219	Ahn'kahet: The Old Kingdom	80	83	619	1	5	2	5
221	Violet Hold	80	83	608	1	5	2	5
226	The Nexus	80	83	576	1	5	2	5
241	Azjol-Nerub	80	83	601	1	5	2	5
242	Utgarde Keep	80	83	574	1	5	2	5
249	Trial of the Champion	80	83	650	1	5	2	5
252	The Forge of Souls	80	83	632	1	5	2	5
254	Pit of Saron	80	83	658	1	5	2	5
256	Halls of Reflection	80	83	668	1	5	2	5
258	Random Classic Dungeon	15	58	0	0	6	0	1
259	Random Burning Crusade Dungeon	59	68	0	0	6	1	2
260	Random Burning Crusade Heroic	70	73	0	1	6	1	3
261	Random Lich King Dungeon	69	80	0	0	6	2	4
262	Random Lich King Heroic	80	83	0	1	6	2	5
